{"parameters": {"n_runs": 10, "n_dev": 5, "i_macrocyst": [0], "sex_cycle_interval": 0, "vg": 10, "n": 10000, "sl": 1000, "sp": 0.8, "m_ch": 0.001, "m_re": 0.001, "c_ch": 0.01, "c_res": 0.01, "ch_germ": 0.0, "c_ch_res": 0.0, "ch_start": 0.0, "res_start": 0.0, "ch_res_dist": 1, "ch_eff_rc": 0, "res_eff_rc": 0, "mc_count": 100, "mc_germ_count": 100, "recomb_chance": 1.0, "mt1_start": 0.5, "mt2_start": 0.5, "mt3_start": 0.0, "output_filepath": "default_out", "gene_pairs": 3, "confidence_interval": 0.95}, "sex_cycle_list": [], "x_axis_values": [0, 1, 2, 3, 4, 5], "mean_ch": [0.0, 0.012077027835396444, 0.023026062724710257, 0.0359284400812882, 0.053819529287694734, 0.07235529920117742], "ch_ci": [0.0, 0.0015070438027747738, 0.0017335173155534525, 0.0032026718659826235, 0.00643064124986497, 0.006121515921671165], "mean_res": [0.0, 0.009790075099876509, 0.020205021170242247, 0.025723606962958095, 0.03465224411593006, 0.043268832435912036], "res_ci": [0.0, 0.0009481891563475249, 0.0017248986490456077, 0.0018977069003104396, 0.003150448587251854, 0.004142629365818304], "mean_wild": [1.0, 0.9890664485323635, 0.9783844580525237, 0.9691739764778771, 0.9557641132981874, 0.9421879341814554], "wild_ci": [0.0, 0.001073410262771951, 0.0014539779292907036, 0.0018266103280107071, 0.0039381343304372264, 0.0038934226757265846], "mean_mt1": [0.50186, 0.5118183423638143, 0.5160485911769125, 0.5125980914777879, 0.5121465780162249, 0.5098641021707628], "mt1_ci": [0.002425002466358554, 0.011709626866682319, 0.014262238551929771, 0.015638407462135177, 0.015535725955972758, 0.011966633557248795], "mean_mt2": [0.49813999999999997, 0.48818165763618565, 0.4839514088230875, 0.48740190852221205, 0.4878534219837752, 0.49013589782923717], "mt2_ci": [0.0024250024663585524, 0.011709626866682319, 0.014262238551929766, 0.01563840746213517, 0.01553572595597274, 0.011966633557248807], "mean_mt3": [0.0, 0.0, 0.0, 0.0, 0.0, 0.0], "mt3_ci": [0.0, 0.0, 0.0, 0.0, 0.0, 0.0], "graph_mean_ch_eff": [0.0, 0.3324511761767443, 0.3359797147593542, 0.33738928676045293, 0.3400948494744939, 0.33812904875712574], "ch_eff_ci": [0.0, 0.001996970710691152, 0.004155067700869069, 0.003577543570610657, 0.005842223887709179, 0.005451799130297137], "graph_mean_res_eff": [0.0, 0.33147031919398434, 0.336360482493066, 0.3325121142210077, 0.33167487857865907, 0.32889651966469013], "res_eff_ci": [0.0, 0.004289198504433912, 0.0031222725490847353, 0.003145086706851237, 0.0026769378994355893, 0.00595513430873873], "average_tracker_dict": {"gene_pair0": [[0.0, 91.5, 190.9, 265.5, 374.2, 481.0], [0.0, 78.2, 165.0, 195.9, 255.6, 299.9], [0.0, 1.6, 2.0, 4.8, 10.3, 19.9]], "gene_pair1": [[0.0, 100.8, 179.5, 318.5, 485.9, 646.6], [0.0, 74.6, 150.7, 186.2, 257.2, 319.6], [0.0, 0.8, 1.4, 2.6, 7.0, 15.8]], "gene_pair2": [[0.0, 93.8, 176.0, 264.4, 403.2, 551.7], [0.0, 78.5, 163.1, 221.3, 290.5, 363.1], [0.0, 1.1, 2.6, 6.8, 9.9, 18.3]]}, "ci_tracker_dict": {"gene_pair0": [[0.0, 12.952372590206716, 23.151864366286183, 31.847891556389907, 50.200637742005334, 67.73724410106611], [0.0, 11.081235351111342, 23.2878920068191, 19.817237012516475, 41.883792186194334, 44.88284250294263], [0.0, 1.3985588336774575, 1.4307138119766802, 4.057894933924526, 7.4803365079415, 10.965954461062283]], "gene_pair1": [[0.0, 14.51937613719322, 21.256387730526026, 42.07889340204413, 70.31185738552918, 82.70631385915127], [0.0, 18.238717628016445, 19.019616900241957, 28.4604584970413, 27.87710362775628, 48.07662043137669], [0.0, 0.6573676311525133, 1.1285622744582164, 1.3572942977124596, 3.8449278387355807, 6.793170869747982]], "gene_pair2": [[0.0, 21.263207726072903, 20.50689797166575, 46.7770246530623, 84.05827527891606, 87.83596966137131], [0.0, 12.44643357117133, 21.38227200700032, 16.579038287305394, 28.453365273891364, 32.41101020634547], [0.0, 1.4086861117441578, 2.924323656714103, 4.483917853363736, 5.637266601190474, 8.947841215108513]]}}